customer_id,first_name,last_name,email
1,Jeremy,Gutierrez,randall31@johnson.com
2,Patrick,Thompson,carla02@hotmail.com
3,Megan,Sandoval,sarahshort@yahoo.com
4,Melissa,Myers,terrencesparks@yahoo.com
5,Taylor,Lee,ashley86@robinson.com
6,Meredith,Fisher,timothywilliams@miller.com
7,Jeanne,Perez,bsimmons@yahoo.com
8,John,Martin,daniel92@wallace.com
9,Alyssa,Cruz,shortpatrick@gmail.com
10,Christina,Obrien,robertbowman@yahoo.com
11,Elizabeth,Beltran,romeroamy@ayers-schroeder.com
12,Dana,Fox,amanda01@gmail.com
13,Anthony,Chavez,ccarpenter@gmail.com
14,Teresa,Smith,mirandabarrera@hotmail.com
15,Courtney,Zamora,katherine33@hoffman-rhodes.net
16,Julie,Shepard,johnsontracy@gmail.com
17,Brandy,Parker,jeffery84@yahoo.com
18,Nicholas,Lucas,graytimothy@patterson-foster.com
19,Nicole,Weber,williamseric@yahoo.com
20,Michelle,Christian,allisonking@gmail.com
21,Jacob,Mitchell,psmith@gray.com
22,Ryan,Owens,jody42@yahoo.com
23,Martin,Martinez,tara99@morales-munoz.org
24,Amanda,Collier,andersonmichael@chavez-rodriguez.com
25,Dawn,Thompson,randymiller@shepherd.com
26,David,Miller,kayleeflores@schaefer.com
27,Paul,Matthews,brianmartin@hampton.com
28,Jonathan,Johnson,bettymosley@johnson.net
29,April,Wise,ovelasquez@gmail.com
30,Chad,Flores,zachary33@evans.net
31,Michael,Compton,susanwilliams@yahoo.com
32,Jill,Simmons,lwang@berg.com
33,Ronald,Barron,phillipayala@yahoo.com
34,Victoria,Moran,umiddleton@carrillo.com
35,Erin,Salas,saragoodwin@white.com
36,Cynthia,Estrada,pallen@herrera.com
37,Crystal,Wells,jonathan38@gmail.com
38,Tamara,Coleman,johnny37@hotmail.com
39,Scott,Martinez,ijimenez@thompson.info
40,Dorothy,Lucas,sandra15@yahoo.com
41,Lisa,Rivera,bassann@hotmail.com
42,Jacob,Kerr,shannonsmith@yahoo.com
43,Emily,Garcia,ycallahan@hotmail.com
44,Vanessa,Zamora,donna05@yahoo.com
45,David,Bartlett,steven92@wood.com
46,Kimberly,Lawrence,dwilliams@yahoo.com
47,Jared,Rogers,piercekim@yahoo.com
48,Dylan,Garcia,taylorjared@gmail.com
49,Melissa,Anderson,joyce03@hancock-hayes.com
50,Tammy,Garcia,qbass@khan.com
51,Ana,Bradshaw,websterphillip@cruz-blair.biz
52,Gregory,Myers,jpatrick@hotmail.com
53,Linda,Duarte,timothyglover@martinez.info
54,Jessica,Jones,carrillochad@oneal-pearson.net
55,Joseph,Griffin,alexander51@shah.com
56,Samuel,Evans,markhouse@yahoo.com
57,Valerie,Norton,goodmandaniel@arnold.com
58,Jennifer,Stone,cochranmatthew@house.com
59,Ronald,Thompson,leejustin@gmail.com
60,Elizabeth,King,donna24@terrell.com
61,Jeffery,Jones,joshuaharrison@sullivan-park.com
62,Jessica,Williams,craigcooper@long-salinas.com
63,Ashley,Johnson,robinmartin@smith-saunders.com
64,Jeffery,Day,laurenstone@ruiz.biz
65,Julia,Parker,waltonthomas@stewart-johnson.info
66,Arthur,Campbell,wray@torres-frye.com
67,Jeffrey,Davis,simmonsmegan@mitchell.com
68,Christine,Young,patrickwood@strickland-valdez.com
69,Nancy,Caldwell,thomasolivia@morton-klein.com
70,Andrea,Johnson,allisontownsend@watts.info
71,Rachel,Washington,donaldwalsh@hotmail.com
72,Timothy,Campbell,monicajohnson@campbell-nicholson.com
73,Kathryn,Santiago,zchapman@gmail.com
74,Nathan,Davis,amanda38@yahoo.com
75,Heidi,Nelson,martinezamanda@thornton.com
76,Robert,Marshall,cruzanna@yahoo.com
77,Amanda,Haynes,jamiewalker@gmail.com
78,Cheryl,Dorsey,jennifer65@yahoo.com
79,Ricky,Mitchell,chamberslisa@jackson.biz
80,Gilbert,Colon,schneidermadeline@yahoo.com
81,Michael,Herrera,christianhernandez@yahoo.com
82,Jonathan,Glenn,kent43@yahoo.com
83,Allen,Hill,ericschaefer@barrera.com
84,Ruth,Lin,jamessherman@gmail.com
85,Wanda,Good,emilyrobbins@gmail.com
86,Gary,Pierce,danielhayes@gmail.com
87,Brittany,Salazar,sanchezlance@yahoo.com
88,Michelle,Evans,lscott@gmail.com
89,Brenda,Ballard,maryaustin@hotmail.com
90,Allen,Harding,andrew10@boyle-cooper.org
91,Laura,Harris,kayla20@smith.com
92,Denise,Johnson,patrickmelanie@blake.com
93,Jonathan,Williams,nhernandez@lee.info
94,Amy,Little,thomas24@thompson.net
95,Amy,Rivera,josegordon@bell.com
96,Vanessa,Fox,jade56@landry.org
97,Jerry,Alexander,peggy35@mason.com
98,Steven,Patton,pamela04@yahoo.com
99,Francisco,Bass,fford@hotmail.com
100,Steven,Sparks,pvazquez@mack.info
101,Joshua,Walker,kristina03@gmail.com
102,Alicia,Robinson,rallison@harris.com
103,Kendra,Martin,rebecca75@nguyen-stephens.biz
104,Sally,Peterson,lsantos@hotmail.com
105,Kimberly,Smith,cory64@berg-adams.org
106,Mark,Miller,kellymorris@stone-lopez.info
107,Lisa,Estrada,spencerlori@hotmail.com
108,Richard,Carpenter,brian70@hotmail.com
109,Tiffany,Rocha,stephengrant@gmail.com
110,Jennifer,Matthews,masseythomas@sanders.net
111,Ian,Daniels,cynthia52@yahoo.com
112,Joshua,Martinez,rileykarina@cooper.biz
113,Shannon,Miller,orodriguez@nelson.com
114,Anthony,Murray,bmeyer@holder.org
115,John,Lopez,nicole30@gmail.com
116,Robert,Lambert,jennifer73@rodriguez-gardner.com
117,Crystal,Mckinney,nicholas78@perry-frey.info
118,James,Alvarez,sarahscott@yahoo.com
119,Nichole,Freeman,donaldphillips@gmail.com
120,Allen,Navarro,thomassmith@hotmail.com
121,Amber,Edwards,hodgeserin@hernandez.com
122,Andrea,Wilson,kenneth97@gmail.com
123,Amy,Johnson,judithlee@yahoo.com
124,David,Gonzalez,danielvelasquez@yahoo.com
125,Mackenzie,Thomas,ithomas@anderson.com
126,Erin,Simpson,eaguilar@pugh-guzman.com
127,Tara,Rhodes,rfisher@smith.com
128,Cynthia,Knight,johnsonkimberly@mccarty.info
129,Eric,Stephens,thomasjerry@hotmail.com
130,Bryan,Mann,raymondbird@gmail.com
131,Virginia,Harrison,leeronald@hotmail.com
132,Veronica,Callahan,olivia18@yahoo.com
133,James,Griffith,rnelson@richardson.com
134,Cynthia,King,petersonjennifer@krueger-burnett.com
135,Cristian,Phillips,xwilson@hotmail.com
136,Ryan,Simpson,delacruzlisa@oliver.info
137,Bonnie,Conner,daniel54@brown-brooks.com
138,Caitlyn,Franklin,haasadam@gmail.com
139,Michael,Watkins,jeffery27@yahoo.com
140,Patrick,Maldonado,deanna44@hotmail.com
141,Stephen,Tyler,khale@ryan-callahan.com
142,Terri,Thomas,kristen65@brown.com
143,Lauren,Clarke,ryan33@evans.org
144,Brad,West,wendy35@yahoo.com
145,Douglas,Sullivan,melissaterry@brown.org
146,Danny,Webster,cforbes@hart-valencia.info
147,Jim,Myers,bryantchristopher@rivera.com
148,Thomas,Gates,david50@roberts.net
149,Nicholas,Smith,crystal46@davis-sanchez.net
150,Robert,Harrison,mitchell65@yahoo.com
151,Danielle,Lee,xramirez@yahoo.com
152,Lisa,King,brandon96@strickland.com
153,Crystal,Martin,breannajohnson@yahoo.com
154,Linda,Hawkins,ashleyblankenship@roberts-flores.info
155,Christina,Ortega,cynthiawashington@hotmail.com
156,Matthew,Carter,jonathan76@hotmail.com
157,Nicholas,Bolton,tkim@yahoo.com
158,Tommy,Holland,edwardcarey@yahoo.com
159,Maureen,Kaufman,cainalyssa@foley.net
160,Natalie,Taylor,jared73@lam.org
161,Michael,Knapp,jamestorres@turner.com
162,Hunter,Travis,gillcindy@williams.com
163,Sheila,Turner,thomashill@hotmail.com
164,Anna,Nguyen,kevin65@fowler.info
165,Michelle,Allen,mary93@hotmail.com
166,James,Bradford,dudleyalexander@hotmail.com
167,Natalie,Mcdaniel,tvega@evans-brown.com
168,Jennifer,Alvarez,acarpenter@rivera.com
169,Steven,Hamilton,toddbaker@gmail.com
170,Crystal,Walker,stephaniewang@sullivan-parsons.com
171,Daniel,Gray,thompsongabriela@osborn.net
172,Amanda,Hopkins,leedavid@wilson.org
173,Victoria,Sweeney,kristen09@phillips.com
174,Dylan,Edwards,jason18@gmail.com
175,Antonio,Williams,williamsamanda@yahoo.com
176,Beth,Ho,jcampbell@wright-griffin.com
177,Jody,Hamilton,tara72@hotmail.com
178,Craig,Wilson,johnsontracey@gmail.com
179,Jeffery,Smith,christophergonzalez@gmail.com
180,Jon,Lawrence,michelle55@martin.net
181,Aaron,Pratt,troyleblanc@smith.biz
182,Heather,Gibson,hansenkenneth@yahoo.com
183,Patricia,Thomas,csullivan@hotmail.com
184,Caleb,Taylor,erogers@dougherty.com
185,Victor,Cox,ppeck@taylor.net
186,Jeremy,Wilson,rstone@gmail.com
187,Dakota,Simpson,stephen85@gmail.com
188,John,Espinoza,turnerwanda@lane-tran.info
189,Anthony,Schultz,paulsmith@yahoo.com
190,Michele,Ochoa,james65@gmail.com
191,David,Silva,smithandrew@bradford.com
192,Emily,Williams,kathycummings@murray-chase.com
193,Tammy,Anderson,ebenson@hill.com
194,Kelly,Smith,copelandmarc@hotmail.com
195,Thomas,Hayes,adamsmelissa@larsen-clayton.com
196,Jessica,Brooks,mgriffin@yahoo.com
197,David,Thomas,morgancarlson@yahoo.com
198,Elizabeth,Henry,fmiller@gmail.com
199,Diana,Nguyen,fjackson@gmail.com
200,Joseph,Torres,ajefferson@may.biz
201,Jessica,Jones,philipvang@turner.com
202,Derek,Taylor,jesse31@hotmail.com
203,Cathy,Hernandez,wlang@hotmail.com
204,Keith,Mosley,bshepard@gmail.com
205,William,Mcdonald,rramos@gmail.com
206,Shane,Moody,murphyjill@hotmail.com
207,Todd,Carrillo,heather18@harrell.org
208,Kelly,Reed,rblake@richardson.net
209,James,Jones,davidhoffman@gmail.com
210,Cynthia,Hardy,tracymoore@bryant.com
211,Kristi,Wood,vrichardson@yahoo.com
212,John,Moore,nelsonamanda@flores.com
213,Carl,Gay,johnsonmary@young-sanchez.com
214,Bethany,Wilson,kristinperkins@figueroa.com
215,Jeremy,Rivera,samanthasolis@salas.com
216,Paul,Torres,tbrown@yahoo.com
217,Mallory,Carr,heather62@gmail.com
218,Janet,Sanford,lisalopez@garcia-elliott.org
219,Stephanie,Doyle,umorales@yahoo.com
220,Gabriel,Ballard,gregorygeorge@bowers.com
221,Tammy,Rivera,qrichardson@gmail.com
222,Ryan,Carpenter,smccullough@ray-ryan.com
223,Michael,Stewart,smithmegan@hotmail.com
224,David,Durham,zbrooks@greer-cox.org
225,Rachel,Rodgers,yrodgers@hotmail.com
226,Christopher,Wong,matthew92@hoffman.com
227,Steven,Hall,gloriahampton@lee.com
228,Jonathan,Barnes,aaron51@tanner.com
229,Hunter,Smith,rwhite@hotmail.com
230,Scott,Kramer,jacobcollins@gmail.com
231,Michael,Sharp,pkim@gmail.com
232,Danielle,Ruiz,jennifer72@hotmail.com
233,Brian,Hancock,owensrobert@yahoo.com
234,Robin,Nunez,elizabethnash@martin.com
235,Gregory,Carter,richardcarter@yahoo.com
236,Beth,Wallace,alexandra82@yahoo.com
237,Robert,Schneider,uwilliams@mccarty.com
238,Joshua,Mcpherson,warrensamantha@yahoo.com
239,James,Lewis,matthewfox@hotmail.com
240,Christina,Wood,jessicawilliams@barber.com
241,Madison,Peterson,mary65@armstrong.com
242,Alan,George,mark88@johnson.com
243,Steven,Mitchell,douglasbryan@garcia.com
244,Michael,Brown,munozerin@gmail.com
245,Margaret,Garcia,cookebarbara@gray.com
246,Xavier,Andrews,dalexander@yahoo.com
247,Eric,White,swansonseth@mendez-villegas.com
248,Tracy,Huff,jensenstephanie@jordan.com
249,Thomas,Adams,mary79@neal.com
250,Natasha,Hutchinson,kklein@simpson-berg.org
251,Vanessa,Thomas,xparker@yahoo.com
252,Kristin,Reynolds,harriswilliam@yahoo.com
253,Michael,Phillips,cwalter@guzman.com
254,John,Schultz,yhernandez@gmail.com
255,Katherine,Singh,ythompson@warner.com
256,Michael,Martinez,kimberly77@hotmail.com
257,Hunter,Flores,davistina@cohen.net
258,Kari,Reese,andrewfuller@lynch.org
259,Amy,Sandoval,coxantonio@lopez.biz
260,Daniel,Lopez,anthony65@yahoo.com
261,Jennifer,Kelley,joshuaaustin@fleming-torres.org
262,Crystal,Ward,heidi08@phelps.com
263,Steve,Stewart,steven68@glenn.biz
264,Patrick,Thomas,jamesroberts@graham-gray.com
265,David,Allen,braungregory@morales-potts.biz
266,Katherine,Davis,angelperez@allen.com
267,Jimmy,Jones,bhenderson@martinez-fuentes.biz
268,Kristin,Berger,ycuevas@stephens.com
269,Amanda,Mendoza,ellisonjoseph@jones-brown.com
270,Shannon,Holmes,nortonguy@ramirez.info
271,Angela,Jones,maldonadoteresa@mercer.com
272,Pamela,Lyons,hrowe@hotmail.com
273,Steven,Bishop,scottcarey@hotmail.com
274,Grant,Reyes,toddschneider@yahoo.com
275,Becky,Conner,lrodriguez@hotmail.com
276,Gregory,Hall,vargasstacey@yahoo.com
277,Thomas,Newton,monica66@gmail.com
278,Heather,Obrien,lawrencejennifer@holloway-keller.info
279,Shane,Sanchez,madisonanderson@morales.com
280,Samuel,Smith,jamesclark@dawson-kennedy.com
281,Michael,Jackson,pfitzgerald@gmail.com
282,Stacey,Walker,kennedystephanie@petersen.info
283,Sara,Acosta,benjamin50@williams.info
284,Jessica,Jones,garciamichael@gmail.com
285,Paul,Carey,michael09@padilla.org
286,Andrea,Rosales,parrishwyatt@gmail.com
287,Jessica,Beck,ccampbell@gmail.com
288,Melissa,Brewer,amber30@hotmail.com
289,Randy,White,colleenperez@nelson.net
290,Brian,Blankenship,moranjasmine@sellers.com
291,Matthew,Davis,jacqueline34@barrett.com
292,Destiny,Larson,jameshines@gray.com
293,Dean,Smith,whughes@hotmail.com
294,Trevor,Clarke,grantcarlos@marquez.info
295,Donna,Gutierrez,vhill@gmail.com
296,Crystal,Brown,mcgeeerin@hotmail.com
297,Andrew,Farley,charlessmith@gmail.com
298,Evan,Sanchez,shawn27@hunter.com
299,Brian,Jackson,brian07@leonard.com
300,Jacqueline,Tucker,uhaley@wilson.com
301,Thomas,Hughes,raymondclark@jones.net
302,Kathleen,Bennett,pholland@gmail.com
303,Nancy,Heath,sabrinawiggins@hotmail.com
304,Gavin,White,taylorjames@hotmail.com
305,Nathan,Harrison,fitzpatrickchristopher@gmail.com
306,David,Oconnor,melinda56@hotmail.com
307,Danielle,Hernandez,glenburns@russell-mason.com
308,Michael,Hughes,evanselizabeth@mccoy-phillips.info
309,Tracey,Johnson,jackson06@cisneros.com
310,Barbara,King,leslielogan@harper-bradford.biz
311,Benjamin,Fox,tbrown@yahoo.com
312,Edward,Morgan,rgiles@gmail.com
313,Robert,Davidson,kyleswanson@gmail.com
314,Ross,Olson,lopezshari@turner-smith.net
315,Jessica,Collins,iho@walton-rosales.com
316,Derek,Obrien,erikdaniel@stephenson-simmons.org
317,Tricia,Edwards,ralphturner@hotmail.com
318,Jennifer,Rodriguez,jeremy77@gmail.com
319,Troy,Daniel,sparkscharles@murillo-travis.net
320,Kylie,Olson,tanya41@mckay-lee.org
321,Megan,Johnson,gaykayla@gmail.com
322,Charles,Coleman,edward52@escobar-baker.biz
323,Michael,Booker,charleshughes@yahoo.com
324,Renee,Melendez,williamscody@hotmail.com
325,Robert,Mcdonald,christopher00@gmail.com
326,Nancy,Williams,josephperry@spencer.com
327,Teresa,Powell,gutierrezryan@clark-doyle.com
328,Deanna,Gray,christopher06@yahoo.com
329,Joseph,Bennett,brian80@yahoo.com
330,Taylor,Carr,singletondebra@harris.org
331,Tina,Marshall,dana64@hotmail.com
332,Julia,Wilson,frances37@gmail.com
333,Charlene,Pope,davisheidi@martinez.org
334,Kendra,Hawkins,katherinesmith@perez.com
335,Bruce,Carter,xraymond@hotmail.com
336,Cathy,White,franciscraig@yahoo.com
337,Jacqueline,Carlson,rebeccafranco@yahoo.com
338,Ashley,Simpson,robert46@hotmail.com
339,Denise,Howard,dbranch@miller-sanchez.biz
340,Taylor,Gilbert,emartinez@diaz-edwards.com
341,Sean,Hanson,christopher28@gmail.com
342,Nicole,Foley,halljennifer@davis-lopez.biz
343,Gary,Schultz,richardtownsend@gmail.com
344,Timothy,Graves,xmoran@williams.com
345,Kim,Reynolds,laurentorres@ward-mclaughlin.info
346,Sharon,Cowan,xmorales@hotmail.com
347,Danielle,Hunter,walkerandrew@may.com
348,Jeremy,Williams,ystein@brown.info
349,Elizabeth,Rogers,mariaperkins@gmail.com
350,Jessica,Baker,petersondavid@gmail.com
351,John,Cherry,kcarlson@yahoo.com
352,Andrea,Wright,ericmckee@gmail.com
353,Rhonda,Logan,rachel62@yahoo.com
354,Shirley,Graham,cmontes@beard.biz
355,Kathy,Graham,harperchristopher@mccoy-hensley.com
356,Patricia,Brown,matthew96@hotmail.com
357,Jillian,Johnson,murphysarah@gmail.com
358,Randy,Mahoney,hrose@gmail.com
359,Lauren,Salazar,tuckerkevin@gmail.com
360,Justin,Stewart,sgeorge@yahoo.com
361,Erika,Tyler,rmoss@hotmail.com
362,Daisy,Hughes,barnettdavid@watts.com
363,Jennifer,Todd,jose04@moore.com
364,Lisa,Schultz,isaac48@keller.com
365,David,Soto,aprilhaas@adams.com
366,Sarah,Barry,ylyons@tyler-warren.net
367,Melissa,Ruiz,ypage@smith.org
368,Paul,Delgado,lori03@lopez.org
369,Roberto,Smith,suttontimothy@shields-miller.com
370,Valerie,Nelson,hughesamanda@martinez.com
371,Amber,Wong,michael45@yahoo.com
372,Cindy,Morrison,tiffany31@gmail.com
373,Stacy,Sellers,apadilla@johnson-ortiz.com
374,Diane,Jackson,jeffrey80@hotmail.com
375,Melissa,Garrett,wileyjoanna@rivas.com
376,Ariel,Hunter,eugenesmith@yahoo.com
377,Cynthia,Snyder,nicole90@gmail.com
378,Hannah,Johns,orozcodonald@gmail.com
379,Bryan,Eaton,gmcdaniel@wilson-morris.net
380,Jason,Hunter,john88@morrison-griffin.com
381,Dale,Herrera,pware@herrera-clements.com
382,Wesley,Walker,richard04@casey.com
383,Lori,Smith,frederick42@hotmail.com
384,Henry,Hicks,samantha53@hotmail.com
385,Melissa,Ross,janice93@mcdonald.org
386,Angela,Williams,woodshelly@hanna.com
387,Christopher,Fischer,jermainefranklin@mendoza.net
388,Robert,Reynolds,jessica90@martin-barnes.com
389,Daniel,Hall,jameswilson@hotmail.com
390,Jennifer,Padilla,ricardo58@hotmail.com
391,John,Miller,ricky01@craig.com
392,Christina,Hill,kenneth21@hotmail.com
393,Shannon,Snow,woodsjerry@parks-davis.com
394,Natasha,Maxwell,donald74@yahoo.com
395,Phillip,Anderson,hbolton@hotmail.com
396,Timothy,Lopez,portiz@anderson-smith.com
397,Anna,Stewart,charles03@yahoo.com
398,Patrick,Taylor,heatherlee@gmail.com
399,Michael,Reed,wnewman@hotmail.com
400,Karla,Dillon,kfitzpatrick@watkins.org
401,Sean,Moss,allisonmoore@fuller.com
402,Lindsey,Mcdowell,jeffrey89@gmail.com
403,Sharon,Walker,starkcatherine@maldonado.org
404,Linda,Myers,arobertson@powell.com
405,Cheryl,Sullivan,duffyrichard@wilson.biz
406,Wayne,Bennett,karengarcia@cortez-edwards.info
407,Gary,Harmon,adkinskevin@perez.info
408,Vincent,Green,frankpowell@graham.com
409,Michael,Sawyer,lsmith@anderson.com
410,Amanda,Miller,christina16@hotmail.com
411,Jeffrey,Love,hwilliams@hotmail.com
412,Joseph,Bryan,iharper@hotmail.com
413,Jason,Mitchell,ryankatrina@washington-herrera.com
414,Morgan,Reyes,colemansarah@yahoo.com
415,Lisa,Donovan,joseph06@hotmail.com
416,Elizabeth,Knight,vcain@williams.com
417,Keith,King,brittanyedwards@yahoo.com
418,Carlos,Thompson,danielle33@martin.info
419,Wanda,Good,davidhansen@good-newton.biz
420,Sergio,Dixon,josephrodriguez@yahoo.com
421,Janice,French,eschultz@yahoo.com
422,Jared,Melendez,oolson@ruiz.info
423,Jamie,Anderson,kelly85@colon.com
424,Elizabeth,Johnson,hillvincent@williams-cooper.com
425,Scott,Lopez,elane@williams-sullivan.com
426,Joshua,Klein,martin87@gmail.com
427,Daniel,Williams,millerhaley@yahoo.com
428,Gary,Stephens,wileydaniel@gmail.com
429,Nathaniel,Davis,josephsmall@patel-kennedy.com
430,Ronald,Walters,claudiatorres@baker.biz
431,Megan,Mercado,abarry@ball-goodwin.net
432,Eddie,Johnson,julia29@barry.com
433,Mariah,Walker,jean63@robinson.com
434,Christian,Martinez,gmaxwell@norton.com
435,John,Jimenez,richard44@wright-myers.com
436,Michael,Lawson,helen50@bryant.net
437,Tiffany,Gibbs,clong@hotmail.com
438,Rita,Edwards,scooper@hotmail.com
439,Austin,Williams,christinagreen@greene-johnson.com
440,Samuel,Ramirez,mitchelldiana@fowler-williams.com
441,Margaret,Woods,danielgarcia@gmail.com
442,Anna,Sharp,summersandrea@yahoo.com
443,Megan,Villanueva,hdeleon@donovan.com
444,Yvonne,Sandoval,taylorvanessa@arroyo.com
445,Kenneth,Giles,jschmidt@gmail.com
446,John,Schmidt,ygreen@chapman.com
447,Christopher,Mccarty,allensmith@stevenson.info
448,Steven,Rodriguez,stephanie72@alvarez-smith.info
449,Amanda,Rodriguez,kerrdouglas@cowan.com
450,Allison,Peterson,edwardslisa@morgan.com
451,Brenda,Fisher,djones@yahoo.com
452,James,Mays,tracey00@thornton.com
453,Angela,Hanson,tracygolden@gmail.com
454,Rebecca,Evans,kleinkaitlyn@hotmail.com
455,Kyle,Hartman,john49@hotmail.com
456,Troy,Huffman,blackcrystal@wright.com
457,Alison,Webb,carrierichardson@harris-conrad.com
458,Amber,Robinson,greerphilip@hotmail.com
459,Tracy,Davis,natalie10@velasquez.net
460,Tracy,Martin,marymiller@palmer-wagner.com
461,Randall,Sanders,jennysmith@gmail.com
462,Jason,Russell,tanner70@solomon.org
463,Sonia,Melendez,jwhite@hotmail.com
464,Holly,Smith,mitchellangela@yahoo.com
465,Colleen,Alexander,mikejenkins@yahoo.com
466,Erica,Cunningham,rodriguezbethany@todd.com
467,Candice,Clark,wongdavid@gmail.com
468,Jonathan,Barnes,thomaslee@wright.com
469,Alexandra,Patel,changmatthew@kelley.biz
470,Eric,Wall,tammycooley@hotmail.com
471,Katherine,Gibbs,scottdevin@gmail.com
472,Francis,Williamson,brian64@hotmail.com
473,Jacob,Perry,gambleselena@hotmail.com
474,Brian,Cooke,reginald71@herrera.org
475,Dawn,Gonzalez,qrobinson@hotmail.com
476,Michael,Cisneros,rebecca00@gmail.com
477,Stacy,Winters,kellyfrederick@hotmail.com
478,Edwin,Marquez,yhays@fischer.com
479,Mark,James,amckinney@hotmail.com
480,Lisa,Peterson,jwalker@hotmail.com
481,Matthew,Walker,ephillips@hotmail.com
482,Jennifer,Miller,ashleystephens@woods-lamb.com
483,Joseph,Richards,molly88@dorsey.com
484,Donna,Watkins,melissamartinez@gmail.com
485,Robert,Leblanc,whiterobert@cook-lee.com
486,James,Byrd,qkim@hotmail.com
487,Megan,Bradley,justinpalmer@rivera-wilkinson.net
488,Amy,Reynolds,pattersonsusan@hotmail.com
489,Kevin,Smith,charles26@guzman.com
490,Pamela,Smith,jonesjonathan@mann.biz
491,Joyce,Taylor,andrew59@levine-morris.net
492,Chase,Shaffer,mbruce@gmail.com
493,Ashley,Lambert,nfox@gmail.com
494,Hector,Jackson,jasmine30@chung-taylor.net
495,Ian,Jones,xrodriguez@gmail.com
496,Morgan,Brady,wjones@sanchez.org
497,Joseph,Frost,jamie69@hotmail.com
498,Christopher,Sparks,karen56@yahoo.com
499,Joshua,Brown,mollydaniels@johnson-munoz.info
500,Deborah,Kelly,parkerjasmine@scott.net
501,Stacy,Murray,leahyoung@gmail.com
502,Curtis,Grant,stephen08@stone.com
503,Benjamin,Harris,karen32@gmail.com
504,Diana,Collins,edelgado@mason-larson.info
505,Christopher,Mason,nharrell@gmail.com
506,Gloria,Li,lesliejennings@fleming.biz
507,Robert,Hicks,denisejohnson@gmail.com
508,Kenneth,Turner,thompsonmary@yahoo.com
509,Michael,Russell,justin97@hotmail.com
510,Patricia,Sanchez,goodgary@rojas.net
511,Justin,Boyer,toni13@carey.com
512,Sara,Mills,austin17@bonilla.com
513,Debra,Rogers,powellphilip@gmail.com
514,Nathan,Garcia,leslie10@gmail.com
515,Melody,Lowe,kenneth64@hotmail.com
516,Melissa,Torres,kdoyle@gmail.com
517,Alyssa,Hunt,kboyd@hotmail.com
518,Jesus,Walton,ebaird@yahoo.com
519,Samuel,Hughes,lynnperry@gmail.com
520,Margaret,Wilcox,colton36@brooks.com
521,Danielle,Brady,ayalanichole@hotmail.com
522,Heather,Smith,sarahtucker@gmail.com
523,Louis,Obrien,adam10@miller-huffman.com
524,John,Brown,sedwards@yahoo.com
525,Samantha,Nguyen,bakerryan@castro.biz
526,Jonathan,Torres,hhernandez@hotmail.com
527,Thomas,Hicks,nclark@anderson.com
528,Mark,Jones,inolan@yahoo.com
529,Savannah,Hernandez,pharrison@martin.com
530,Robert,Hart,cherylsharp@gmail.com
531,Laura,Jones,margaretdavidson@hotmail.com
532,Bryan,Wagner,gonzalezteresa@walker.com
533,Jonathan,Castillo,cdavis@smith.biz
534,Nathan,Watts,barkeremily@carter-smith.org
535,Miranda,Brown,freemancorey@howard.com
536,Rita,Holland,joel34@yahoo.com
537,Christine,Jackson,danny84@yahoo.com
538,Jeffrey,Nielsen,thomas39@willis.com
539,Katie,Valenzuela,danielle00@yahoo.com
540,Elizabeth,Adams,iprince@yahoo.com
541,Craig,Sanders,nelsonkatelyn@allen-curry.net
542,David,Johnson,ymorgan@yahoo.com
543,Rebecca,Cox,dana92@smith-hester.info
544,Rhonda,Pittman,gsparks@hotmail.com
545,Ashley,Hansen,jacquelinemcmillan@hotmail.com
546,Cameron,Dixon,jeffrey58@hotmail.com
547,Angela,Hall,umontoya@hotmail.com
548,Robert,Moore,christopher19@hotmail.com
549,Michael,Peterson,jorge18@gutierrez.com
550,Adriana,Smith,victoria92@carlson.org
551,Margaret,Henderson,wangryan@pierce.info
552,Jay,English,troyrice@hotmail.com
553,Laura,Sampson,emilysmith@yahoo.com
554,Jodi,Young,alexiserickson@smith.com
555,Sophia,Cortez,gbush@yahoo.com
556,Joseph,Sampson,wrightana@williams.com
557,Mark,Byrd,kimberlyleblanc@miller.com
558,Jordan,Rogers,dustin75@yahoo.com
559,Kevin,Marsh,hjackson@patterson.com
560,Alicia,Cruz,xspencer@hotmail.com
561,Tracy,Morris,jpowers@gmail.com
562,Brian,Sanders,kimberly17@daugherty.com
563,Richard,Kline,bonnieedwards@kim.net
564,Ashley,Hill,linda94@bailey.com
565,Mary,Sandoval,hgraham@bryant.org
566,Deanna,Alvarez,fernandezjames@hotmail.com
567,Robert,Moore,jayrodriguez@ross-bullock.com
568,Brian,Fletcher,millerjoseph@yahoo.com
569,David,Diaz,cindy58@beasley-guerra.com
570,Olivia,Peters,ihernandez@carr.net
571,Alison,Gutierrez,mchavez@gmail.com
572,Jacob,Moon,jamesboyd@hotmail.com
573,Mark,Malone,rachelmaynard@yahoo.com
574,Jean,Flores,ldrake@hotmail.com
575,Robert,Allen,tracy07@howard-davis.net
576,Katherine,Mcguire,sclark@barton.com
577,Melissa,Perez,markowens@anderson.org
578,Sierra,Juarez,angel41@gmail.com
579,Amber,Bennett,allisongoodman@hotmail.com
580,Jeff,Smith,fferguson@cooper.com
581,Julia,Dean,kenneth22@guerra.com
582,Wendy,Walker,egomez@martinez.com
583,Jonathan,Callahan,rickysmith@gmail.com
584,Juan,Castro,jeremy09@reyes.biz
585,Stephanie,Burton,yhoward@hotmail.com
586,Jessica,Lin,vincent18@day.com
587,Amy,Henderson,jaredmiller@hoffman-martin.net
588,Erin,Benton,crystal12@gmail.com
589,Richard,Hendricks,cody82@jimenez-martin.com
590,Shannon,Lane,jonathan57@franco-nixon.net
591,Harold,Gilbert,jessicawallace@gmail.com
592,Steven,Lopez,madams@gmail.com
593,Ryan,Walsh,brian42@snyder.biz
594,Stephen,Martin,jennifer23@gmail.com
595,Timothy,Gallegos,renee14@williams.com
596,Holly,Johnson,justinmorrison@gmail.com
597,Emily,Jenkins,nathanielchung@mills-mason.biz
598,Amanda,Huber,russell42@yahoo.com
599,Johnny,Phillips,vmendoza@yahoo.com
600,Jennifer,Bush,jennifer38@rodriguez.com
601,Erin,Jones,thomasgibbs@yahoo.com
602,Patricia,Hammond,zachary69@ayala-williams.com
603,Ronnie,Arnold,julie80@gmail.com
604,Joseph,Hill,ronnie68@yahoo.com
605,Olivia,Wright,charlesmyers@kennedy-brennan.info
606,Henry,Garcia,swansonadam@waters.com
607,Steven,Ortiz,jonathangraves@yahoo.com
608,Michael,Blankenship,ismith@sanchez.com
609,Michael,Nelson,payneedward@robertson-edwards.com
610,Christina,Ruiz,vrobertson@alvarado.com
611,Dennis,Roberts,jonathansmith@hamilton-davis.net
612,Alexis,Santos,nelsonwilliam@brown-torres.com
613,Donna,Reyes,timothybenson@burns.com
614,Anthony,Washington,jruiz@baker.com
615,Deborah,Hudson,xtrevino@hotmail.com
616,Angela,Garcia,wendy66@yu.biz
617,Greg,Martinez,jdavenport@liu.info
618,Matthew,Odom,andersongregory@gmail.com
619,Richard,Yates,holly22@hotmail.com
620,Wanda,Ford,regina36@sampson-young.org
621,Shannon,Thompson,fcarter@barnes.com
622,Nancy,Diaz,reedwendy@gmail.com
623,Matthew,Jarvis,david58@sosa.com
624,Diane,Owens,christopher57@hotmail.com
625,Samantha,Brown,jgarcia@gmail.com
626,Brittany,Martin,kwilson@hotmail.com
627,Clifford,Burton,gonzalezsean@hotmail.com
628,David,Martinez,wmahoney@ellis-perez.org
629,Robert,Warren,ysmith@riggs-allison.net
630,Walter,Clark,campbellstephanie@downs.com
631,Christopher,Roman,jeremiah78@hotmail.com
632,Jesse,Padilla,muellersarah@yahoo.com
633,Briana,Hughes,donaldlee@martinez.com
634,Sandra,Barron,qrice@gmail.com
635,Haley,Alexander,curtismoore@yahoo.com
636,Tracy,Harris,jeffrey98@yahoo.com
637,Brittney,Arnold,jordanbrooks@sutton.net
638,Monique,Adams,ryan00@wells-daniel.net
639,Sarah,Thomas,sdouglas@johnson.net
640,Claudia,Murphy,keithhoffman@yahoo.com
641,Jennifer,Rogers,fredericklopez@hotmail.com
642,Kelly,Davis,johnsonlouis@henry.com
643,Robert,Wood,williamschwartz@gmail.com
644,Brian,Gonzalez,dorothyvalenzuela@lam.com
645,Jordan,Davidson,sheltonlinda@davis.org
646,Cynthia,Adams,martha49@yahoo.com
647,Kimberly,Scott,oayers@cooke.info
648,Chad,Garza,ellenflores@jensen-gomez.info
649,Louis,Lewis,sierrajones@welch-shaffer.biz
650,Phyllis,Wilson,romerosusan@jones.org
651,Katelyn,Rivera,smithholly@yahoo.com
652,Lisa,Nash,zwhite@gonzalez.org
653,Brittney,Myers,gentryjennifer@yahoo.com
654,Anthony,Ellison,wilkinskaren@russell.com
655,Alexander,Jenkins,megan36@gmail.com
656,Courtney,Weber,pearsonchristopher@gmail.com
657,Raymond,Delgado,andrew46@yahoo.com
658,Jessica,Olson,josephmurphy@khan.com
659,Julia,Montoya,elizabeth31@richards.com
660,Miguel,Andrews,matthew23@yahoo.com
661,Peter,Villanueva,wagnermegan@gmail.com
662,Cynthia,Ayala,vanessaphillips@yahoo.com
663,Penny,King,allencathy@gmail.com
664,Scott,Hall,rballard@cook.com
665,Jay,Hunter,lmeyer@gmail.com
666,Jennifer,Walker,elizabethbird@yahoo.com
667,Rachel,Johnson,uberry@hotmail.com
668,Katherine,Proctor,danielking@hernandez.net
669,Nicole,Potter,michaelbennett@escobar.com
670,Aaron,Perkins,rwilliams@warner-powers.com
671,Jenny,Ellis,johndaniel@gmail.com
672,Michael,Gonzalez,kmaxwell@peterson.com
673,Bryan,Blankenship,randy79@houston.com
674,Gregory,Villanueva,castrojohn@parker.info
675,Veronica,Smith,jennifer69@ferguson-williams.info
676,David,Martin,ifarrell@hotmail.com
677,Barbara,Cook,wilsoncynthia@fuentes.net
678,Jasmine,Green,dflores@hotmail.com
679,Rachel,Lee,xoconnor@hotmail.com
680,Lisa,Gray,kathleen75@yahoo.com
681,Nicholas,Tate,richard29@jackson.biz
682,Ryan,Stewart,rsullivan@gmail.com
683,Andre,Gilbert,nfoster@gmail.com
684,Mary,Wells,jchase@gmail.com
685,Roy,Rios,joehanson@taylor.com
686,Jennifer,Jenkins,lwatkins@robinson-martin.com
687,Cheryl,Anderson,crawforddavid@gmail.com
688,Trevor,Soto,barnesbrandon@burns.com
689,Erik,Rich,frivera@park.com
690,Jennifer,Watson,ybrown@hotmail.com
691,Peter,Jordan,smithtina@gmail.com
692,Michelle,Delgado,wattscrystal@yahoo.com
693,Rebekah,Conley,gwilliams@lawrence.com
694,Miguel,Smith,godom@yahoo.com
695,Laura,Ray,vhart@villegas-gomez.info
696,Martha,Becker,james07@murphy-miller.info
697,Corey,Cordova,christy25@powell.net
698,Ryan,Mays,walkereric@williams.info
699,Kenneth,Green,chapmanmatthew@wallace-washington.com
700,Rachel,Chavez,matthew14@dennis.com
701,Jacob,Sweeney,amy97@hotmail.com
702,Heather,Thomas,penningtoncarmen@gmail.com
703,Louis,Thomas,mhooper@hotmail.com
704,Melissa,Anderson,harrisonjose@harris.com
705,Andres,Johnston,reginajefferson@johnson.org
706,Samantha,Hodges,murphyantonio@cooper.com
707,Mckenzie,Prince,nicholasbonilla@logan.net
708,Sharon,Carter,angela85@murphy.net
709,Kayla,Mccoy,amyharrison@moreno-miller.info
710,Christina,Jefferson,dawnolson@yahoo.com
711,Donna,Hart,david45@hotmail.com
712,Frederick,Ortiz,fergusonlisa@yahoo.com
713,Juan,Martinez,tmartinez@bryant-mcgee.com
714,Steven,Rogers,edward45@hotmail.com
715,Ronald,Fischer,clarkmichelle@collins.com
716,Anthony,Mckenzie,luisjackson@lopez.org
717,Sherry,Chavez,samuelmoore@harris.info
718,Lisa,Hernandez,cynthiaanderson@bailey.com
719,Karen,Green,joshua10@gmail.com
720,Erica,Powers,alisonjohnson@ward.com
721,Alicia,Jackson,denise46@willis.com
722,Zoe,Bender,david12@burton-diaz.net
723,Nicole,Lopez,tayloraaron@gmail.com
724,Maria,Gonzalez,ritawilliams@hotmail.com
725,Tina,Glenn,flynnraymond@powell.com
726,George,Mccullough,sarahjohnson@patterson-bell.org
727,Derek,Cherry,amanda23@yang-morris.com
728,Jennifer,Rice,jsmith@harding.com
729,Kristin,Rodgers,teresaevans@hotmail.com
730,Janet,Barker,qsutton@houston.net
731,Heidi,Warner,chase92@gmail.com
732,Lisa,Neal,marydavis@carpenter.com
733,Christopher,Stewart,agutierrez@walters-green.com
734,Michael,Sanders,walkerjenna@hotmail.com
735,Felicia,Bailey,pharper@yahoo.com
736,Ronnie,Jones,jonathon46@wallace.info
737,Austin,Watts,fgardner@mckenzie.com
738,Elizabeth,Martin,tskinner@hotmail.com
739,Mary,Williams,vsmith@hotmail.com
740,Michael,Simon,rubiorobert@gmail.com
741,Alexander,Mckay,bgray@cole-martinez.biz
742,Mary,Nelson,tterry@hotmail.com
743,Kayla,Hill,lindaward@middleton-jackson.com
744,Tara,Welch,carolbuck@yahoo.com
745,Manuel,Herrera,allisonsmith@oconnor.net
746,Kayla,White,zsmith@wilson.org
747,Tami,Howell,lindsay26@gmail.com
748,Donald,Johnson,tinaevans@yahoo.com
749,Jose,Houston,melissadouglas@gmail.com
750,William,Woodward,richardsmith@bell.com
751,Kenneth,Smith,nhawkins@harris-jackson.info
752,Sara,Calhoun,hnorton@figueroa-macdonald.com
753,Justin,Thomas,jperez@torres.org
754,Carol,Hall,kennethlloyd@hotmail.com
755,Michelle,Hampton,salazarveronica@yahoo.com
756,Jeremiah,Brock,bryantdavid@hotmail.com
757,Sabrina,Burch,bpatterson@stone.net
758,Nathaniel,Ortega,kathy50@gmail.com
759,Jessica,Moore,debra07@griffin.com
760,Kathryn,Brown,robertpearson@hotmail.com
761,Mark,Martin,nmitchell@walter-sanders.net
762,Anne,Ochoa,alyssavargas@baker.net
763,Philip,Gomez,mboyd@matthews.net
764,Rebekah,Howard,garciajason@parker.com
765,Kristin,Miller,asantiago@little-cross.com
766,Mary,Craig,hardinnicholas@martinez-hernandez.com
767,Christopher,Spears,finleykelli@hodges.com
768,Loretta,Campbell,bradleymelanie@bridges-rivera.biz
769,Troy,Green,katie34@clark.org
770,Kerri,Meyer,lisayoung@jackson.biz
771,Lauren,Young,ftaylor@davidson.com
772,James,Steele,watkins@tran-miller.com
773,Trevor,Garcia,pricewendy@hernandez-ramirez.info
774,John,Johnson,daviskimberly@patterson-thompson.com
775,Tamara,Smith,christine47@hotmail.com
776,Eric,Watson,stephanieboyd@gmail.com
777,Laura,Miller,lucasdebra@hotmail.com
778,Gregory,Shields,timothy78@gray.com
779,Kelsey,Cunningham,tlopez@gmail.com
780,Tina,Tapia,nortonrobert@gmail.com
781,Kyle,Richard,sabrina76@hotmail.com
782,Howard,Carr,upham@hotmail.com
783,Vanessa,Thomas,kwallace@lawson.info
784,Jeffrey,Weeks,xweber@parker-barnett.com
785,Thomas,Huff,christina68@garcia.com
786,Jennifer,Adams,kelly76@hotmail.com
787,Ricardo,Johnson,carlsonjustin@yahoo.com
788,Heidi,Owens,nsandoval@hotmail.com
789,Bradley,Miller,jeremy10@hotmail.com
790,Lisa,Ingram,michaelmorrow@hotmail.com
791,Travis,Williams,zramirez@byrd.info
792,Cindy,Tyler,connerkenneth@berry.info
793,Kimberly,Bridges,stacybutler@gmail.com
794,Michael,Harrison,lindsey65@blair-craig.com
795,Jennifer,Gonzales,zpark@martin-barber.biz
796,Kenneth,Chavez,martinezmichelle@gmail.com
797,Joshua,Johnson,meredith99@shields.biz
798,Marie,Mcpherson,davidsanchez@gmail.com
799,Bobby,Martinez,evansjane@hayes.com
800,Carolyn,Schmidt,hjohnson@wilkerson.com
801,Tammy,Levy,rdavis@gmail.com
802,Madeline,Garza,courtneyjackson@gmail.com
803,Katrina,Levine,qrodriguez@schultz-bailey.org
804,Traci,Mercer,sanderson@gmail.com
805,Jessica,Mcdonald,lopezteresa@yahoo.com
806,William,Osborn,melissa55@castillo-miller.org
807,Alicia,Vasquez,tmatthews@yahoo.com
808,James,Mcpherson,wilkinsonjacob@gmail.com
809,Abigail,Burgess,portersarah@barnes-gray.com
810,Denise,Madden,willie27@walton-nichols.com
811,Devin,Cordova,goodmanjennifer@hotmail.com
812,Sheila,Davis,ntaylor@howard-rodriguez.biz
813,Crystal,Ryan,woodardmichael@shepherd.com
814,Mallory,Palmer,petersmolly@gmail.com
815,Sandra,Stewart,mlee@hotmail.com
816,Felicia,Harris,wilkinsonamy@gmail.com
817,Jennifer,Butler,jbenitez@bradford.com
818,Judith,Nelson,jennifergates@yahoo.com
819,Jonathan,Williamson,wsmith@king.info
820,James,Baker,rodney36@gmail.com
821,Anthony,Frank,bbest@yahoo.com
822,Logan,Thomas,robertbriggs@thompson.com
823,Jared,Davis,justin07@lewis.com
824,Sonia,Robertson,estradamicheal@delgado.com
825,Debra,Brown,derek23@yahoo.com
826,Lisa,Brown,zstuart@yahoo.com
827,Eric,Cook,brandon51@smith-perez.com
828,Joseph,Montes,kingjose@herman-williams.com
829,William,Marshall,vblanchard@hotmail.com
830,Wendy,Peterson,xsantos@yahoo.com
831,Amanda,Moore,brandon57@yahoo.com
832,George,Jones,parsonsjames@williams.com
833,John,Castillo,rblack@sullivan-huerta.com
834,Chase,Thomas,tina92@buchanan-cortez.info
835,Michael,Rogers,ldavis@miller-johnson.com
836,Charles,Ward,paulchad@gardner-lin.net
837,Nicholas,Sparks,flynnjake@nguyen-brown.com
838,Robert,Goodman,lisawilson@simpson.com
839,Kenneth,Crawford,karenjohnson@gmail.com
840,Mark,Johnson,thomas47@bennett-gonzales.org
841,David,Garcia,cooperjavier@yahoo.com
842,Joan,Brown,davidjustin@miller.biz
843,Jennifer,Weber,hardingdavid@roberts.com
844,Felicia,Owens,huynhnicholas@jenkins-jackson.com
845,Colin,Leach,acevedobradley@jimenez-landry.info
846,Jason,Brewer,davilalisa@beltran.biz
847,Tammy,Mitchell,perryjennifer@williams.com
848,Judy,Lee,nicholaspena@yahoo.com
849,Lauren,Stokes,hchavez@rivera.biz
850,Paula,Lawrence,angelica33@hotmail.com
851,Larry,Rodriguez,loganjames@ashley-glenn.com
852,Harry,Arellano,jessicaandersen@elliott.net
853,Benjamin,Jensen,gallowayallison@hotmail.com
854,Mark,Smith,woodardheather@ferrell-olson.org
855,Kristen,Bennett,trose@stafford.com
856,Lisa,Taylor,melissamiller@yahoo.com
857,Alicia,Roberts,katrinawatkins@gmail.com
858,Joseph,Travis,johnsondavid@matthews.com
859,Samuel,Huerta,jordan08@hotmail.com
860,Michael,Martin,alexanderdavid@reyes-chaney.info
861,Matthew,Davis,sandramiller@yahoo.com
862,Joseph,Miller,johnsonrebecca@thompson.com
863,Allen,Wall,williamswilliam@yahoo.com
864,Jacob,Turner,kberry@hill-bryant.info
865,Joshua,Ramirez,fsutton@griffin.com
866,Jared,Carey,fuentesbruce@hotmail.com
867,Karen,Phillips,kathleenlong@gmail.com
868,Nicholas,Bridges,tannerstewart@gmail.com
869,Maria,Walker,kfinley@gmail.com
870,Michelle,Hobbs,branchchristopher@hotmail.com
871,Jessica,Wilson,sandy22@yahoo.com
872,Crystal,Medina,adriana78@yahoo.com
873,William,Wilcox,diazkara@gmail.com
874,Meredith,Hardy,joseph46@yahoo.com
875,Randy,Mooney,christine45@hotmail.com
876,Michael,Martin,brownemma@gmail.com
877,Kristina,Oliver,qmyers@hotmail.com
878,Timothy,Torres,michellemarsh@yahoo.com
879,Victor,Peters,jacoblittle@gmail.com
880,Cynthia,Trevino,wsimmons@yahoo.com
881,Jennifer,Watkins,devon32@hotmail.com
882,Morgan,Frazier,zhester@garcia-cooper.com
883,Kevin,Miller,mahoneyjohn@thomas-rogers.info
884,Timothy,Conway,carolwilliams@yahoo.com
885,Sherry,Bentley,antonio29@garcia-collins.com
886,Darren,Smith,barkertracy@thornton-davila.com
887,Jessica,Gonzales,contrerasrachel@rivera.com
888,Laura,Rose,jill88@gmail.com
889,Tracie,Blair,staffordmichael@williams.biz
890,Dustin,Abbott,ericarodriguez@schneider.com
891,Jason,Boyd,xmoore@meyer-rogers.com
892,Natalie,Smith,pparsons@morgan.com
893,Rebecca,Obrien,zachary26@adams-klein.com
894,Shawn,Morris,ambernash@cook.com
895,Breanna,Holmes,wrightchristopher@gmail.com
896,Kevin,Howell,ayersmichael@hotmail.com
897,Charles,Hancock,mathismegan@yahoo.com
898,Bridget,Irwin,katiemiller@carter-romero.org
899,Dawn,White,wanda34@boyer.com
900,Jennifer,Oneal,zhicks@hotmail.com
901,Stacie,Torres,whuff@gmail.com
902,Jonathan,Norris,pstevens@stevenson.net
903,Daniel,Kelley,kclark@hotmail.com
904,Patricia,Church,beverett@hotmail.com
905,Laura,Hill,christopher09@willis.com
906,Lisa,Wilcox,aguilarnorma@gmail.com
907,Pamela,May,leslie83@brady.info
908,Morgan,Jimenez,jennifer72@hester.info
909,Brooke,Eaton,mary98@gmail.com
910,Joy,Gutierrez,taylorjoanne@anderson-perry.com
911,Gina,Atkins,bchan@gmail.com
912,Christine,Wood,amanda83@yahoo.com
913,Jorge,Marshall,christianthomas@harris-kim.com
914,Sarah,Robinson,wendylee@newton.info
915,Richard,Taylor,wesleyrose@yahoo.com
916,Alexandria,Kennedy,lisapetty@shelton.com
917,Dave,Harris,vfoster@gomez-davis.com
918,Aaron,Williams,lucas62@hotmail.com
919,Michele,Shaw,ortiztyrone@yahoo.com
920,Jonathan,Schwartz,jasonthompson@hotmail.com
921,Samantha,Wood,qgriffin@foster.com
922,Jennifer,Rice,crystal28@smith-santos.com
923,Dillon,Garcia,davidmendoza@west.info
924,Elizabeth,Patterson,garciarichard@hotmail.com
925,Shane,Rivera,travislogan@hotmail.com
926,Richard,Collins,jamesstewart@ray.com
927,Steven,Barton,jonathan98@smith.com
928,Jeffrey,Berger,wsantos@hotmail.com
929,Kevin,Burton,jeffrey36@yahoo.com
930,Aaron,Lam,loganmorse@yahoo.com
931,Patricia,Morales,parkerlindsey@smith.com
932,Shawn,Gregory,anthonythompson@yahoo.com
933,Susan,Murphy,joel09@gmail.com
934,Javier,Walls,hwatson@hotmail.com
935,Mason,Stanley,eryan@hotmail.com
936,Jacob,Obrien,ecisneros@hotmail.com
937,Suzanne,Hamilton,barrettjordan@yahoo.com
938,Marcus,Turner,destinyfoster@hotmail.com
939,Elizabeth,Bishop,millertammy@thomas.com
940,John,Baker,eric59@williams.com
941,Jesus,Curtis,robertjones@johnson.com
942,Kelly,Nelson,heather55@jackson-hutchinson.info
943,Natasha,Taylor,michael30@hotmail.com
944,Sara,Jackson,summersedwin@hamilton.com
945,Kelly,Carrillo,kathleenortega@gmail.com
946,Heather,Guzman,garciaderek@lee.com
947,Austin,Ruiz,michellehughes@yahoo.com
948,Gabriella,Phillips,michael64@yahoo.com
949,April,Thomas,john11@gmail.com
950,Anthony,Brown,mathisstephanie@nelson.com
951,Emily,Shelton,bonnie42@gmail.com
952,John,Fuller,dali@dougherty.com
953,Kathleen,Johnson,richardsonnicholas@mccall-gray.org
954,Stacy,Palmer,george59@yahoo.com
955,Alan,Barton,phillipscarmen@martin-joseph.com
956,Keith,Roman,adrian11@wells.com
957,Todd,Payne,rachel34@yahoo.com
958,Robert,Cooper,jonessandra@roberts.info
959,Adam,Martinez,kelly24@yahoo.com
960,Robert,Duncan,ehopkins@gmail.com
961,Johnny,Brown,jennifer55@johnson.com
962,Tiffany,Wagner,mannrachel@stewart.com
963,Tyler,Poole,derek92@yahoo.com
964,Jade,Evans,elizabeth74@hotmail.com
965,Diana,Brown,joshua63@lopez.com
966,Matthew,Williams,rcole@lang.com
967,Kristy,Lane,michael80@gmail.com
968,Jill,Stephens,qpoole@yahoo.com
969,Timothy,Weiss,glopez@hotmail.com
970,Christopher,Schneider,jennifergonzales@campbell-rowland.org
971,Christopher,Pittman,jon25@hotmail.com
972,Kathryn,Bishop,christineallison@wagner-beasley.biz
973,Christopher,Miller,reynoldsjeremy@carter.biz
974,John,Barnett,carrolllarry@gmail.com
975,Taylor,Allen,frank00@farrell.com
976,Robert,Chang,jgardner@mason-young.org
977,Jeffery,Knight,douglas89@gmail.com
978,Joel,Webb,kriley@stephens.com
979,Kathryn,Trevino,bhowe@bernard.com
980,Jeremy,Higgins,amandabennett@owen.com
981,Tricia,Nguyen,shanna@hotmail.com
982,Jane,Avery,kevin55@martinez.com
983,Renee,Fisher,bli@hotmail.com
984,Lauren,Mann,lauren71@monroe.com
985,Louis,Herrera,ogarcia@hotmail.com
986,William,Harper,simpsonjason@yahoo.com
987,Laura,Moreno,jennifersingleton@hotmail.com
988,Melissa,Neal,jeremy79@gmail.com
989,Charles,Flores,sgomez@gmail.com
990,Rachel,Price,williamvelazquez@adams.com
991,Valerie,Johnson,davidgarcia@hotmail.com
992,Ronald,Walsh,millercassandra@yahoo.com
993,Isaiah,Rice,jerome34@gmail.com
994,Leslie,Powell,justinbaker@hotmail.com
995,Anna,Smith,erictaylor@hotmail.com
996,Erin,Walker,gomezchristopher@fox.com
997,Teresa,Bush,smcconnell@carter-lopez.net
998,Brittney,Medina,dennis32@hotmail.com
999,David,Leonard,gbrown@yahoo.com
1000,Walter,Hernandez,rachel86@joseph.com